Identificador,nombre,wikidata_street
http://www.group10.org/pl/resource/Street/S0,calle de las Aguas,<https://wikidata.org/entity/Q25115523>
http://www.group10.org/pl/resource/Street/S1,"Calle del Águila, Madrid",<https://wikidata.org/entity/Q32034538>
http://www.group10.org/pl/resource/Street/S4,calle del Almendro,<https://wikidata.org/entity/Q27615104>
http://www.group10.org/pl/resource/Street/S5,"Calle de la Amnistía, Madrid",<https://wikidata.org/entity/Q28006145>
http://www.group10.org/pl/resource/Street/S6,"Calle del Ángel del Alcázar, Madrid",<https://wikidata.org/entity/Q29908353>
http://www.group10.org/pl/resource/Street/S7,"Costanilla de los Ángeles, Madrid",<https://wikidata.org/entity/Q18419127>
http://www.group10.org/pl/resource/Street/S8,"Calle de Arrieta, Madrid",<https://wikidata.org/entity/Q29002218>
http://www.group10.org/pl/resource/Street/S9,calle de Bailén,<https://wikidata.org/entity/Q5740811>
http://www.group10.org/pl/resource/Street/S10,"Calle de Beatriz Galindo, Madrid",<https://wikidata.org/entity/Q28987115>
http://www.group10.org/pl/resource/Street/S11,"Calle de Calatrava, Madrid",<https://wikidata.org/entity/Q29007098>
http://www.group10.org/pl/resource/Street/S12,"Calle de Campomanes, Madrid",<https://wikidata.org/entity/Q30128019>
http://www.group10.org/pl/resource/Street/S15,"Calle de la Cava Alta, Madrid",<https://wikidata.org/entity/Q28051271>
http://www.group10.org/pl/resource/Street/S16,"Calle de la Cava Baja, Madrid",<https://wikidata.org/entity/Q5740900>
http://www.group10.org/pl/resource/Street/S22,"Calle de la Cruzada, Madrid",<https://wikidata.org/entity/Q30576177>
http://www.group10.org/pl/resource/Street/S23,Cuesta de las Descargas,<https://wikidata.org/entity/Q27955396>
http://www.group10.org/pl/resource/Street/S24,"Calle del Doctor Carracido, Madrid",<https://wikidata.org/entity/Q28945582>
http://www.group10.org/pl/resource/Street/S25,"Calle del Doctor Letamendi, Madrid",<https://wikidata.org/entity/Q27050770>
http://www.group10.org/pl/resource/Street/S26,Calle de Don Pedro,<https://wikidata.org/entity/Q28047686>
http://www.group10.org/pl/resource/Street/S27,"Calle de la Encarnación, Madrid",<https://wikidata.org/entity/Q30573742>
http://www.group10.org/pl/resource/Street/S29,Stairway Street,<https://wikidata.org/entity/Q26761885>
http://www.group10.org/pl/resource/Street/S30,calle del Espejo,<https://wikidata.org/entity/Q20908824>
http://www.group10.org/pl/resource/Street/S31,"Calle del Factor, Madrid",<https://wikidata.org/entity/Q30801866>
http://www.group10.org/pl/resource/Street/S32,"Calle de la Flor Baja, Madrid",<https://wikidata.org/entity/Q63373433>
http://www.group10.org/pl/resource/Street/S33,"Calle de Fomento, Madrid",<https://wikidata.org/entity/Q28946431>
http://www.group10.org/pl/resource/Street/S35,"Calle de Grafal, Madrid",<https://wikidata.org/entity/Q54164406>
http://www.group10.org/pl/resource/Street/S36,Gran Vía de San Francisco,<https://wikidata.org/entity/Q32035437>
http://www.group10.org/pl/resource/Street/S37,"Calle de Guillermo Rolland, Madrid",<https://wikidata.org/entity/Q30789780>
http://www.group10.org/pl/resource/Street/S38,"Calle del Humilladero, Madrid",<https://wikidata.org/entity/Q29002483>
http://www.group10.org/pl/resource/Street/S40,Calle de Isabel la Católica,<https://wikidata.org/entity/Q27043900>
http://www.group10.org/pl/resource/Street/S41,"Calle de Isabel Tintero, Madrid",<https://wikidata.org/entity/Q54158661>
http://www.group10.org/pl/resource/Street/S43,"Calle de Juan de Herrera, Madrid",<https://wikidata.org/entity/Q52153099>
http://www.group10.org/pl/resource/Street/S44,"Calle de Leganitos, Madrid",<https://wikidata.org/entity/Q5740845>
http://www.group10.org/pl/resource/Street/S45,"Calle de Luciente, Madrid",<https://wikidata.org/entity/Q32054487>
http://www.group10.org/pl/resource/Street/S46,"Calle de los Mancebos, Madrid",<https://wikidata.org/entity/Q28662733>
http://www.group10.org/pl/resource/Street/S47,Calle Mayor,<https://wikidata.org/entity/Q1149052>
http://www.group10.org/pl/resource/Street/S49,calle de la Morería,<https://wikidata.org/entity/Q17623549>
http://www.group10.org/pl/resource/Street/S51,"Calle de los Hermanos García Noblejas, Madrid",<https://wikidata.org/entity/Q5740959>
http://www.group10.org/pl/resource/Street/S52,"Calle de Oriente, Madrid",<https://wikidata.org/entity/Q32052343>
http://www.group10.org/pl/resource/Street/S53,calle de la Paloma,<https://wikidata.org/entity/Q20908836>
http://www.group10.org/pl/resource/Street/S54,"Calle de la Priora, Madrid",<https://wikidata.org/entity/Q54153232>
http://www.group10.org/pl/resource/Street/S57,calle de la Redondilla,<https://wikidata.org/entity/Q16060822>
http://www.group10.org/pl/resource/Street/S58,calle del Rosario,<https://wikidata.org/entity/Q27955398>
http://www.group10.org/pl/resource/Street/S59,Costanilla de San Andrés,<https://wikidata.org/entity/Q18285771>
http://www.group10.org/pl/resource/Street/S61,"Calle de San Bruno, Madrid",<https://wikidata.org/entity/Q54165130>
http://www.group10.org/pl/resource/Street/S63,carrera de San Francisco,<https://wikidata.org/entity/Q24526469>
http://www.group10.org/pl/resource/Street/S66,"Calle de San Justo, Madrid",<https://wikidata.org/entity/Q32458483>
http://www.group10.org/pl/resource/Street/S69,Costanilla de San Pedro,<https://wikidata.org/entity/Q5790096>
http://www.group10.org/pl/resource/Street/S70,"Calle de Santa Clara, Madrid",<https://wikidata.org/entity/Q102216390>
http://www.group10.org/pl/resource/Street/S71,"Cuesta de Santo Domingo, Madrid",<https://wikidata.org/entity/Q5794008>
http://www.group10.org/pl/resource/Street/S74,calle de Segovia,<https://wikidata.org/entity/Q8255505>
http://www.group10.org/pl/resource/Street/S75,Ronda de Segovia,<https://wikidata.org/entity/Q27955399>
http://www.group10.org/pl/resource/Street/S76,"Calle de la Sierpe, Madrid",<https://wikidata.org/entity/Q29002424>
http://www.group10.org/pl/resource/Street/S77,calle de Silva,<https://wikidata.org/entity/Q27108025>
http://www.group10.org/pl/resource/Street/S78,"Calle de Tabernillas, Madrid",<https://wikidata.org/entity/Q28074122>
http://www.group10.org/pl/resource/Street/S79,Calle de Toledo,<https://wikidata.org/entity/Q5740883>
http://www.group10.org/pl/resource/Street/S80,"Calle de Torija, Madrid",<https://wikidata.org/entity/Q28946398>
http://www.group10.org/pl/resource/Street/S81,"Calle de la Unión, Madrid",<https://wikidata.org/entity/Q29007074>
http://www.group10.org/pl/resource/Street/S84,"Calle de la Ventosa, Madrid",<https://wikidata.org/entity/Q29002746>
http://www.group10.org/pl/resource/Street/S85,"Calle de la Villa, Madrid",<https://wikidata.org/entity/Q28662618>
http://www.group10.org/pl/resource/Street/S88,"Calle del Amparo, Madrid",<https://wikidata.org/entity/Q52049024>
http://www.group10.org/pl/resource/Street/S89,Calle de Arganzuela,<https://wikidata.org/entity/Q16749876>
http://www.group10.org/pl/resource/Street/S90,calle de Argumosa,<https://wikidata.org/entity/Q5740806>
http://www.group10.org/pl/resource/Street/S91,Calle de Atocha,<https://wikidata.org/entity/Q5492657>
http://www.group10.org/pl/resource/Street/S92,Ronda de Atocha,<https://wikidata.org/entity/Q26831149>
http://www.group10.org/pl/resource/Street/S93,"Calle de Ave María, Madrid",<https://wikidata.org/entity/Q27031791>
http://www.group10.org/pl/resource/Street/S94,"Calle de Buenavista, Madrid",<https://wikidata.org/entity/Q29050889>
http://www.group10.org/pl/resource/Street/S96,"Calle de los Cañizares, Madrid",<https://wikidata.org/entity/Q28032988>
http://www.group10.org/pl/resource/Street/S98,"Calle de Carlos Arniches, Madrid",<https://wikidata.org/entity/Q25410886>
http://www.group10.org/pl/resource/Street/S100,"Calle del Casino, Madrid",<https://wikidata.org/entity/Q26248358>
http://www.group10.org/pl/resource/Street/S101,"Calle de la Colegiata, Madrid",<https://wikidata.org/entity/Q24702367>
http://www.group10.org/pl/resource/Street/S102,calle de la Concepción Jerónima,<https://wikidata.org/entity/Q21072221>
http://www.group10.org/pl/resource/Street/S103,"Calle del Conde de Romanones, Madrid",<https://wikidata.org/entity/Q28026494>
http://www.group10.org/pl/resource/Street/S104,calle del Doctor Cortezo,<https://wikidata.org/entity/Q28031508>
http://www.group10.org/pl/resource/Street/S105,"Calle del Doctor Fourquet, Madrid",<https://wikidata.org/entity/Q27048305>
http://www.group10.org/pl/resource/Street/S106,"Calle del Doctor Piga, Madrid",<https://wikidata.org/entity/Q52158066>
http://www.group10.org/pl/resource/Street/S107,"Calle del Duque de Alba, Madrid",<https://wikidata.org/entity/Q28031766>
http://www.group10.org/pl/resource/Street/S108,"Calle del Duque de Fernán Núñez, Madrid",<https://wikidata.org/entity/Q29051517>
http://www.group10.org/pl/resource/Street/S109,calle del Duque de Rivas,<https://wikidata.org/entity/Q47004348>
http://www.group10.org/pl/resource/Street/S110,"Calle de Embajadores, Madrid",<https://wikidata.org/entity/Q5740826>
http://www.group10.org/pl/resource/Street/S112,"Calle de la Escuadra, Madrid",<https://wikidata.org/entity/Q28007141>
http://www.group10.org/pl/resource/Street/S114,"Calle de los Estudios, Madrid",<https://wikidata.org/entity/Q52158093>
http://www.group10.org/pl/resource/Street/S116,"Calle del Hospital, Madrid",<https://wikidata.org/entity/Q52153419>
http://www.group10.org/pl/resource/Street/S117,"Calle de la Huerta del Bayo, Madrid",<https://wikidata.org/entity/Q42908465>
http://www.group10.org/pl/resource/Street/S118,"Calle de Jesús y María, Madrid",<https://wikidata.org/entity/Q52153441>
http://www.group10.org/pl/resource/Street/S119,"Calle de Juanelo, Madrid",<https://wikidata.org/entity/Q28045186>
http://www.group10.org/pl/resource/Street/S120,Calle de Lavapiés,<https://wikidata.org/entity/Q19969082>
http://www.group10.org/pl/resource/Street/S122,"Calle de Luis Vélez de Guevara, Madrid",<https://wikidata.org/entity/Q28033229>
http://www.group10.org/pl/resource/Street/S123,Magdalena street,<https://wikidata.org/entity/Q17181780>
http://www.group10.org/pl/resource/Street/S124,"Calle de Mallorca, Madrid",<https://wikidata.org/entity/Q27048299>
http://www.group10.org/pl/resource/Street/S125,"Calle del Marqués de Toca, Madrid",<https://wikidata.org/entity/Q29050990>
http://www.group10.org/pl/resource/Street/S126,"Callejón del Mellizo, Madrid",<https://wikidata.org/entity/Q32038991>
http://www.group10.org/pl/resource/Street/S127,calle de Mesón de Paredes,<https://wikidata.org/entity/Q5686332>
http://www.group10.org/pl/resource/Street/S128,"Calle de Miguel Servet, Madrid",<https://wikidata.org/entity/Q52158635>
http://www.group10.org/pl/resource/Street/S129,Calle de Mira el Río Baja,<https://wikidata.org/entity/Q52153127>
http://www.group10.org/pl/resource/Street/S130,"Calle de Mira el Sol, Madrid",<https://wikidata.org/entity/Q25265930>
http://www.group10.org/pl/resource/Street/S131,"Calle del Olivar, Madrid",<https://wikidata.org/entity/Q20021057>
http://www.group10.org/pl/resource/Street/S132,"Calle del Olmo, Madrid",<https://wikidata.org/entity/Q20021071>
http://www.group10.org/pl/resource/Street/S133,"Calle de Peña de Francia, Madrid",<https://wikidata.org/entity/Q52158658>
http://www.group10.org/pl/resource/Street/S136,Calle de la Ribera de Curtidores,<https://wikidata.org/entity/Q5740938>
http://www.group10.org/pl/resource/Street/S137,"Calle del Salitre, Madrid",<https://wikidata.org/entity/Q29550986>
http://www.group10.org/pl/resource/Street/S138,"Calle de San Carlos, Madrid",<https://wikidata.org/entity/Q52158409>
http://www.group10.org/pl/resource/Street/S140,"Calle de San Eugenio, Madrid",<https://wikidata.org/entity/Q29050980>
http://www.group10.org/pl/resource/Street/S142,"Calle de San Millán, Madrid",<https://wikidata.org/entity/Q52158876>
http://www.group10.org/pl/resource/Street/S143,Calle de San Simón,<https://wikidata.org/entity/Q105336809>
http://www.group10.org/pl/resource/Street/S144,"Calle de Santa Inés, Madrid",<https://wikidata.org/entity/Q29051022>
http://www.group10.org/pl/resource/Street/S145,calle de Santa Isabel,<https://wikidata.org/entity/Q2882669>
http://www.group10.org/pl/resource/Street/S146,"Calle de la Sombrerería, Madrid",<https://wikidata.org/entity/Q28007110>
http://www.group10.org/pl/resource/Street/S148,"Ronda de Toledo, Madrid",<https://wikidata.org/entity/Q6111946>
http://www.group10.org/pl/resource/Street/S149,"Calle de la Torrecilla del Leal, Madrid",<https://wikidata.org/entity/Q52153316>
http://www.group10.org/pl/resource/Street/S150,"Calle de los Tres Peces, Madrid",<https://wikidata.org/entity/Q52153408>
http://www.group10.org/pl/resource/Street/S151,calle de Valencia,<https://wikidata.org/entity/Q26810468>
http://www.group10.org/pl/resource/Street/S152,Ronda de Valencia,<https://wikidata.org/entity/Q16626200>
http://www.group10.org/pl/resource/Street/S153,"Calle de Zurita, Madrid",<https://wikidata.org/entity/Q29051010>
http://www.group10.org/pl/resource/Street/S154,calle de la Alameda,<https://wikidata.org/entity/Q27224202>
http://www.group10.org/pl/resource/Street/S156,"Calle del Amor de Dios, Madrid",<https://wikidata.org/entity/Q42155518>
http://www.group10.org/pl/resource/Street/S157,"Calle de Arlabán, Madrid",<https://wikidata.org/entity/Q44910881>
http://www.group10.org/pl/resource/Street/S158,Caballero de Gracia street,<https://wikidata.org/entity/Q5740985>
http://www.group10.org/pl/resource/Street/S161,"Calle de Cervantes, Madrid",<https://wikidata.org/entity/Q20014008>
http://www.group10.org/pl/resource/Street/S162,"Calle del Clavel, Madrid",<https://wikidata.org/entity/Q28051075>
http://www.group10.org/pl/resource/Street/S163,"Calle del Duque de Medinaceli, Madrid",<https://wikidata.org/entity/Q26830977>
http://www.group10.org/pl/resource/Street/S164,"Calle de Espoz y Mina, Madrid",<https://wikidata.org/entity/Q5740830>
http://www.group10.org/pl/resource/Street/S165,"Calle de Jesús, Madrid",<https://wikidata.org/entity/Q27051182>
http://www.group10.org/pl/resource/Street/S166,"Calle de Jesús, Madrid",<https://wikidata.org/entity/Q27051182>
http://www.group10.org/pl/resource/Street/S167,"Calle de Jovellanos, Madrid",<https://wikidata.org/entity/Q50227806>
http://www.group10.org/pl/resource/Street/S168,calle del León,<https://wikidata.org/entity/Q15839300>
http://www.group10.org/pl/resource/Street/S169,"Calle de Lope de Vega, Madrid",<https://wikidata.org/entity/Q19800989>
http://www.group10.org/pl/resource/Street/S170,"Calle de los Madrazo, Madrid",<https://wikidata.org/entity/Q29345542>
http://www.group10.org/pl/resource/Street/S171,Calle del Marqués de Casa Riera,<https://wikidata.org/entity/Q42767177>
http://www.group10.org/pl/resource/Street/S172,calle del Marqués de Cubas,<https://wikidata.org/entity/Q19304646>
http://www.group10.org/pl/resource/Street/S173,"Calle de Moratín, Madrid",<https://wikidata.org/entity/Q24944024>
http://www.group10.org/pl/resource/Street/S174,Calle del Prado,<https://wikidata.org/entity/Q16389845>
http://www.group10.org/pl/resource/Street/S175,Paseo del Prado,<https://wikidata.org/entity/Q2079615>
http://www.group10.org/pl/resource/Street/S176,"Calle del Príncipe, Madrid",<https://wikidata.org/entity/Q15788175>
http://www.group10.org/pl/resource/Street/S177,"Calle de San Agustín, Madrid",<https://wikidata.org/entity/Q28537501>
http://www.group10.org/pl/resource/Street/S178,"Calle de San Pedro, Madrid",<https://wikidata.org/entity/Q54911757>
http://www.group10.org/pl/resource/Street/S179,calle de San Sebastián,<https://wikidata.org/entity/Q24940406>
http://www.group10.org/pl/resource/Street/S180,"Calle de Santa Catalina, Madrid",<https://wikidata.org/entity/Q28595198>
http://www.group10.org/pl/resource/Street/S182,"Calle de la Virgen de los Peligros, Madrid",<https://wikidata.org/entity/Q28052626>
http://www.group10.org/pl/resource/Street/S183,"Calle del Almirante, Madrid",<https://wikidata.org/entity/Q28937422>
http://www.group10.org/pl/resource/Street/S185,"Calle de Apodaca, Madrid",<https://wikidata.org/entity/Q28032520>
http://www.group10.org/pl/resource/Street/S186,"Calle de Argensola, Madrid",<https://wikidata.org/entity/Q28525557>
http://www.group10.org/pl/resource/Street/S187,"Calle de Augusto Figueroa, Madrid",<https://wikidata.org/entity/Q29564346>
http://www.group10.org/pl/resource/Street/S188,calle de Bárbara de Bragança,<https://wikidata.org/entity/Q29413520>
http://www.group10.org/pl/resource/Street/S189,calle de Barceló,<https://wikidata.org/entity/Q27051120>
http://www.group10.org/pl/resource/Street/S190,Calle del Barquillo,<https://wikidata.org/entity/Q5740983>
http://www.group10.org/pl/resource/Street/S191,"Calle de Belén, Madrid",<https://wikidata.org/entity/Q28526908>
http://www.group10.org/pl/resource/Street/S192,"Calle de Belén, Madrid",<https://wikidata.org/entity/Q28526908>
http://www.group10.org/pl/resource/Street/S193,"Calle de la Beneficencia, Madrid",<https://wikidata.org/entity/Q28913756>
http://www.group10.org/pl/resource/Street/S194,"Calle de Campoamor, Madrid",<https://wikidata.org/entity/Q28529561>
http://www.group10.org/pl/resource/Street/S195,"Calle de Churruca, Madrid",<https://wikidata.org/entity/Q28032536>
http://www.group10.org/pl/resource/Street/S197,"Calle del Conde de Xiquena, Madrid",<https://wikidata.org/entity/Q28916630>
http://www.group10.org/pl/resource/Street/S198,"Calle de Fernando VI, Madrid",<https://wikidata.org/entity/Q28526177>
http://www.group10.org/pl/resource/Street/S200,calle de Fuencarral,<https://wikidata.org/entity/Q5740840>
http://www.group10.org/pl/resource/Street/S201,calle del General Castaños,<https://wikidata.org/entity/Q29413544>
http://www.group10.org/pl/resource/Street/S202,calle de Génova,<https://wikidata.org/entity/Q24294474>
http://www.group10.org/pl/resource/Street/S203,"Calle de Gravina, Madrid",<https://wikidata.org/entity/Q26248347>
http://www.group10.org/pl/resource/Street/S205,calle de Hortaleza,<https://wikidata.org/entity/Q5740911>
http://www.group10.org/pl/resource/Street/S206,"Calle de las Infantas, Madrid",<https://wikidata.org/entity/Q21004010>
http://www.group10.org/pl/resource/Street/S207,"Calle de Justiniano, Madrid",<https://wikidata.org/entity/Q28529571>
http://www.group10.org/pl/resource/Street/S208,"Calle de Larra, Madrid",<https://wikidata.org/entity/Q28032558>
http://www.group10.org/pl/resource/Street/S209,"Calle de la Libertad, Madrid",<https://wikidata.org/entity/Q20908829>
http://www.group10.org/pl/resource/Street/S210,"Calle de Luis de Góngora, Madrid",<https://wikidata.org/entity/Q30318197>
http://www.group10.org/pl/resource/Street/S211,"Calle del Marqués de la Ensenada, Madrid",<https://wikidata.org/entity/Q55227717>
http://www.group10.org/pl/resource/Street/S212,"Calle del Marqués de Monasterio, Madrid",<https://wikidata.org/entity/Q28916742>
http://www.group10.org/pl/resource/Street/S213,"Calle del Marqués de Valdeiglesias, Madrid",<https://wikidata.org/entity/Q54020473>
http://www.group10.org/pl/resource/Street/S214,calle de Mejía Lequerica,<https://wikidata.org/entity/Q24560004>
http://www.group10.org/pl/resource/Street/S215,"Calle de Orellana, Madrid",<https://wikidata.org/entity/Q28525695>
http://www.group10.org/pl/resource/Street/S217,calle de Pelayo,<https://wikidata.org/entity/Q27193723>
http://www.group10.org/pl/resource/Street/S218,"Calle de Piamonte, Madrid",<https://wikidata.org/entity/Q28662545>
http://www.group10.org/pl/resource/Street/S219,"Calle de Prim, Madrid",<https://wikidata.org/entity/Q28916366>
http://www.group10.org/pl/resource/Street/S220,"Calle de la Reina, Madrid",<https://wikidata.org/entity/Q28492319>
http://www.group10.org/pl/resource/Street/S224,calle de San Lorenzo,<https://wikidata.org/entity/Q46198964>
http://www.group10.org/pl/resource/Street/S225,"Calle de San Lucas, Madrid",<https://wikidata.org/entity/Q29413447>
http://www.group10.org/pl/resource/Street/S227,calle de San Mateo,<https://wikidata.org/entity/Q24532121>
http://www.group10.org/pl/resource/Street/S228,travesía de San Mateo,<https://wikidata.org/entity/Q28524122>
http://www.group10.org/pl/resource/Street/S229,calle de Santa Brígida,<https://wikidata.org/entity/Q27525845>
http://www.group10.org/pl/resource/Street/S230,"Calle de Santa Teresa, Madrid",<https://wikidata.org/entity/Q28525867>
http://www.group10.org/pl/resource/Street/S231,"Calle de Santo Tomé, Madrid",<https://wikidata.org/entity/Q29413220>
http://www.group10.org/pl/resource/Street/S232,"Calle de Serrano Anguita, Madrid",<https://wikidata.org/entity/Q28028455>
http://www.group10.org/pl/resource/Street/S233,"Calle de Tamayo y Baus, Madrid",<https://wikidata.org/entity/Q54087402>
http://www.group10.org/pl/resource/Street/S234,"Calle de Víctor Hugo, Madrid",<https://wikidata.org/entity/Q54024484>
http://www.group10.org/pl/resource/Street/S235,calle del Acuerdo,<https://wikidata.org/entity/Q29840620>
http://www.group10.org/pl/resource/Street/S236,calle de Amaniel,<https://wikidata.org/entity/Q24694982>
http://www.group10.org/pl/resource/Street/S237,"Calle de Antonio Grilo, Madrid",<https://wikidata.org/entity/Q105104614>
http://www.group10.org/pl/resource/Street/S238,calle de la Ballesta,<https://wikidata.org/entity/Q24643014>
http://www.group10.org/pl/resource/Street/S239,"Calle de Baltasar Gracián, Madrid",<https://wikidata.org/entity/Q63349357>
http://www.group10.org/pl/resource/Street/S240,calle del Barco Sinaia,<https://wikidata.org/entity/Q29530244>
http://www.group10.org/pl/resource/Street/S241,"Travesía de las Beatas, Madrid",<https://wikidata.org/entity/Q66826819>
http://www.group10.org/pl/resource/Street/S244,Calle de Colón,<https://wikidata.org/entity/Q29951433>
http://www.group10.org/pl/resource/Street/S245,"Calle de Concepción Arenal, Madrid",<https://wikidata.org/entity/Q42253408>
http://www.group10.org/pl/resource/Street/S247,calle del Conde Duque,<https://wikidata.org/entity/Q27031730>
http://www.group10.org/pl/resource/Street/S248,travesía del Conde Duque,<https://wikidata.org/entity/Q45899861>
http://www.group10.org/pl/resource/Street/S251,"Calle del Desengaño, Madrid",<https://wikidata.org/entity/Q5741000>
http://www.group10.org/pl/resource/Street/S253,"Calle de Don Felipe, Madrid",<https://wikidata.org/entity/Q30575449>
http://www.group10.org/pl/resource/Street/S254,Dos de Mayo Street,<https://wikidata.org/entity/Q18417678>
http://www.group10.org/pl/resource/Street/S255,calle del Duque de Liria,<https://wikidata.org/entity/Q45899637>
http://www.group10.org/pl/resource/Street/S256,"Calle del Espíritu Santo, Madrid",<https://wikidata.org/entity/Q5740833>
http://www.group10.org/pl/resource/Street/S258,"Calle del General Mitre, Madrid",<https://wikidata.org/entity/Q29831952>
http://www.group10.org/pl/resource/Street/S259,Calle de Jesús del Valle,<https://wikidata.org/entity/Q51720169>
http://www.group10.org/pl/resource/Street/S260,Juan de Dios Street,<https://wikidata.org/entity/Q56167860>
http://www.group10.org/pl/resource/Street/S261,"Calle del Limón, Madrid",<https://wikidata.org/entity/Q29608725>
http://www.group10.org/pl/resource/Street/S262,calle de la Madera,<https://wikidata.org/entity/Q5740925>
http://www.group10.org/pl/resource/Street/S263,"Calle del Maestro Guerrero, Madrid",<https://wikidata.org/entity/Q29839223>
http://www.group10.org/pl/resource/Street/S264,"Calle de Manuela Malasaña, Madrid",<https://wikidata.org/entity/Q27044275>
http://www.group10.org/pl/resource/Street/S265,"Calle del Marqués de Santa Ana, Madrid",<https://wikidata.org/entity/Q69409473>
http://www.group10.org/pl/resource/Street/S266,"Calle de los Mártires de Alcalá, Madrid",<https://wikidata.org/entity/Q91446030>
http://www.group10.org/pl/resource/Street/S267,"Calle de las Minas, Madrid",<https://wikidata.org/entity/Q28735111>
http://www.group10.org/pl/resource/Street/S268,"Calle de Monteleón, Madrid",<https://wikidata.org/entity/Q28940621>
http://www.group10.org/pl/resource/Street/S271,calle de las Negras,<https://wikidata.org/entity/Q45900653>
http://www.group10.org/pl/resource/Street/S272,"Calle del Norte, Madrid",<https://wikidata.org/entity/Q29840509>
http://www.group10.org/pl/resource/Street/S273,calle del Noviciado,<https://wikidata.org/entity/Q24695412>
http://www.group10.org/pl/resource/Street/S274,calle del Pez,<https://wikidata.org/entity/Q5741017>
http://www.group10.org/pl/resource/Street/S275,calle de Ponciano,<https://wikidata.org/entity/Q29838517>
http://www.group10.org/pl/resource/Street/S276,"Calle de las Pozas, Madrid",<https://wikidata.org/entity/Q28735110>
http://www.group10.org/pl/resource/Street/S277,calle de la Puebla,<https://wikidata.org/entity/Q28856259>
http://www.group10.org/pl/resource/Street/S278,"Calle de Quiñones, Madrid",<https://wikidata.org/entity/Q56703666>
http://www.group10.org/pl/resource/Street/S279,calle de los Reyes,<https://wikidata.org/entity/Q20908841>
http://www.group10.org/pl/resource/Street/S280,"Calle de Ricardo León, Madrid",<https://wikidata.org/entity/Q29833222>
http://www.group10.org/pl/resource/Street/S282,"Calle de Ruiz, Madrid",<https://wikidata.org/entity/Q28029239>
http://www.group10.org/pl/resource/Street/S283,calle de San Andrés,<https://wikidata.org/entity/Q27166315>
http://www.group10.org/pl/resource/Street/S284,calle de San Bernardino,<https://wikidata.org/entity/Q29610799>
http://www.group10.org/pl/resource/Street/S285,San Bernardo street,<https://wikidata.org/entity/Q5740864>
http://www.group10.org/pl/resource/Street/S286,"Calle de San Dimas, Madrid",<https://wikidata.org/entity/Q53719259>
http://www.group10.org/pl/resource/Street/S287,calle de San Hermenegildo,<https://wikidata.org/entity/Q54801399>
http://www.group10.org/pl/resource/Street/S289,calle de San Joaquín,<https://wikidata.org/entity/Q46194997>
http://www.group10.org/pl/resource/Street/S292,calle de Santa Cruz de Marcenado,<https://wikidata.org/entity/Q54801433>
http://www.group10.org/pl/resource/Street/S296,"Calle del Tesoro, Madrid",<https://wikidata.org/entity/Q29838583>
http://www.group10.org/pl/resource/Street/S298,calle de Valverde,<https://wikidata.org/entity/Q20639924>
http://www.group10.org/pl/resource/Street/S299,calle de la Abada,<https://wikidata.org/entity/Q24527284>
http://www.group10.org/pl/resource/Street/S300,calle de Bordadores,<https://wikidata.org/entity/Q24656602>
http://www.group10.org/pl/resource/Street/S302,"Calle de Chinchilla, Madrid",<https://wikidata.org/entity/Q28945693>
http://www.group10.org/pl/resource/Street/S303,Calle de los Cuchilleros,<https://wikidata.org/entity/Q29005894>
http://www.group10.org/pl/resource/Street/S304,"Calle de Esparteros, Madrid",<https://wikidata.org/entity/Q29525561>
http://www.group10.org/pl/resource/Street/S305,"Calle de la Flora, Madrid",<https://wikidata.org/entity/Q27044256>
http://www.group10.org/pl/resource/Street/S306,"Calle de las Fuentes, Madrid",<https://wikidata.org/entity/Q28533506>
http://www.group10.org/pl/resource/Street/S308,"Calle de las Hileras, Madrid",<https://wikidata.org/entity/Q28051025>
http://www.group10.org/pl/resource/Street/S309,calle Imperial,<https://wikidata.org/entity/Q26913879>
http://www.group10.org/pl/resource/Street/S310,calle del Maestro Victoria,<https://wikidata.org/entity/Q5741016>
http://www.group10.org/pl/resource/Street/S311,"Calle del Marqués Viudo de Pontejos, Madrid",<https://wikidata.org/entity/Q28033284>
http://www.group10.org/pl/resource/Street/S312,calle de Mesonero Romanos,<https://wikidata.org/entity/Q16867482>
http://www.group10.org/pl/resource/Street/S313,calle de la Salud (Madrid),<https://wikidata.org/entity/Q28727307>
http://www.group10.org/pl/resource/Street/S314,"Calle de San Martín, Madrid",<https://wikidata.org/entity/Q54153156>
http://www.group10.org/pl/resource/Street/S317,calle de Tetuán,<https://wikidata.org/entity/Q5740881>
http://www.group10.org/pl/resource/Street/S318,calle de las Tres Cruces,<https://wikidata.org/entity/Q24537177>
http://www.group10.org/pl/resource/Street/S319,"Calle de Trujillos, Madrid",<https://wikidata.org/entity/Q43449196>
http://www.group10.org/pl/resource/Street/S320,"Travesía de los Trujillos, Madrid",<https://wikidata.org/entity/Q28538604>
http://www.group10.org/pl/resource/Street/S321,"Calle de las Veneras, Madrid",<https://wikidata.org/entity/Q28052653>
http://www.group10.org/pl/resource/Street/S322,"Calle de Alejandro Dumas, Madrid",<https://wikidata.org/entity/Q33093214>
http://www.group10.org/pl/resource/Street/S331,"Category:Centro de Salud Paseo Imperial, Madrid",<https://wikidata.org/entity/Q63229872>
http://www.group10.org/pl/resource/Street/S345,Paseo de los Pontones,<https://wikidata.org/entity/Q26737156>
http://www.group10.org/pl/resource/Street/S354,"Paseo de la Virgen del Puerto, Madrid",<https://wikidata.org/entity/Q6065659>
http://www.group10.org/pl/resource/Street/S364,"Paseo de la Esperanza, Madrid",<https://wikidata.org/entity/Q55947011>
http://www.group10.org/pl/resource/Street/S367,"Paseo de Juan Antonio Vallejo-Nájera Botas, Madrid",<https://wikidata.org/entity/Q33093309>
http://www.group10.org/pl/resource/Street/S370,calle del Majuelo,<https://wikidata.org/entity/Q55948262>
http://www.group10.org/pl/resource/Street/S371,calle de Martín de Vargas,<https://wikidata.org/entity/Q68986257>
http://www.group10.org/pl/resource/Street/S373,"Calle de Moratines, Madrid",<https://wikidata.org/entity/Q52382443>
http://www.group10.org/pl/resource/Street/S378,calle de las Peñuelas,<https://wikidata.org/entity/Q29917803>
http://www.group10.org/pl/resource/Street/S383,Paseo de Santa María de la Cabeza,<https://wikidata.org/entity/Q6065630>
http://www.group10.org/pl/resource/Street/S385,calle de Arturo Soria,<https://wikidata.org/entity/Q8255504>
http://www.group10.org/pl/resource/Street/S388,"Paseo de las Yeserías, Madrid",<https://wikidata.org/entity/Q16616818>
http://www.group10.org/pl/resource/Street/S395,"Paseo de la Chopera, Madrid",<https://wikidata.org/entity/Q27044458>
http://www.group10.org/pl/resource/Street/S410,"Calle de Evaristo San Miguel, Madrid",<https://wikidata.org/entity/Q28016717>
http://www.group10.org/pl/resource/Street/S419,"Calle de Bolívar, Madrid",<https://wikidata.org/entity/Q105775876>
http://www.group10.org/pl/resource/Street/S427,"Calle de José del Hierro, Madrid",<https://wikidata.org/entity/Q29910699>
http://www.group10.org/pl/resource/Street/S434,"Calle de Méndez Álvaro, Madrid",<https://wikidata.org/entity/Q5553104>
http://www.group10.org/pl/resource/Street/S451,"Calle del Teniente Coronel Noreña, Madrid",<https://wikidata.org/entity/Q29648198>
http://www.group10.org/pl/resource/Street/S463,"Calle de Bustamante, Madrid",<https://wikidata.org/entity/Q27430098>
http://www.group10.org/pl/resource/Street/S469,"Paseo de las Delicias, Madrid",<https://wikidata.org/entity/Q6065662>
http://www.group10.org/pl/resource/Street/S475,"Calle del General Lacy, Madrid",<https://wikidata.org/entity/Q27243347>
http://www.group10.org/pl/resource/Street/S489,Avenida del Planetario,<https://wikidata.org/entity/Q17622122>
http://www.group10.org/pl/resource/Street/S490,calle de Rafael de Riego,<https://wikidata.org/entity/Q27430115>
http://www.group10.org/pl/resource/Street/S495,calle de Vara de Rey,<https://wikidata.org/entity/Q27430105>
http://www.group10.org/pl/resource/Street/S502,"Paseo de las Delicias, Madrid",<https://wikidata.org/entity/Q6065662>
http://www.group10.org/pl/resource/Street/S507,calle del Marqués de la Valdavia,<https://wikidata.org/entity/Q41285010>
http://www.group10.org/pl/resource/Street/S512,"Calle de Sebastián Elcano, Madrid",<https://wikidata.org/entity/Q68990288>
http://www.group10.org/pl/resource/Street/S513,"Calle de Sebastián Herrera, Madrid",<https://wikidata.org/entity/Q68987411>
http://www.group10.org/pl/resource/Street/S525,"Calle del Marqués de Leganés, Madrid",<https://wikidata.org/entity/Q24541576>
http://www.group10.org/pl/resource/Street/S527,Retama Street,<https://wikidata.org/entity/Q28983516>
http://www.group10.org/pl/resource/Street/S530,"Calle de Abtao, Madrid",<https://wikidata.org/entity/Q29051490>
http://www.group10.org/pl/resource/Street/S531,"Calle de Andrés Torrejón, Madrid",<https://wikidata.org/entity/Q29051396>
http://www.group10.org/pl/resource/Street/S532,calle de Antonio Nebrija,<https://wikidata.org/entity/Q28483871>
http://www.group10.org/pl/resource/Street/S535,"Calle de Cavanilles, Madrid",<https://wikidata.org/entity/Q29051443>
http://www.group10.org/pl/resource/Street/S539,"Calle del Doctor Esquerdo, Madrid",<https://wikidata.org/entity/Q5741005>
http://www.group10.org/pl/resource/Street/S540,"Calle de Fuenterrabía, Madrid",<https://wikidata.org/entity/Q29051404>
http://www.group10.org/pl/resource/Street/S542,"Calle de Granada, Madrid",<https://wikidata.org/entity/Q29578523>
http://www.group10.org/pl/resource/Street/S543,"Calle de Gutenberg, Madrid",<https://wikidata.org/entity/Q29051384>
http://www.group10.org/pl/resource/Street/S545,Paseo de la Infanta Isabel,<https://wikidata.org/entity/Q29051267>
http://www.group10.org/pl/resource/Street/S546,"Calle de José Sánchez Pescador, Madrid",<https://wikidata.org/entity/Q29580709>
http://www.group10.org/pl/resource/Street/S547,"Calle de Juan de Urbieta, Madrid",<https://wikidata.org/entity/Q29051496>
http://www.group10.org/pl/resource/Street/S548,"Calle de Julián Gayarre, Madrid",<https://wikidata.org/entity/Q29051365>
http://www.group10.org/pl/resource/Street/S550,avenida del Mediterráneo,<https://wikidata.org/entity/Q57739480>
http://www.group10.org/pl/resource/Street/S551,"Avenida de Menéndez Pelayo, Madrid",<https://wikidata.org/entity/Q28936960>
http://www.group10.org/pl/resource/Street/S552,"Calle de Narciso Serra, Madrid",<https://wikidata.org/entity/Q27245466>
http://www.group10.org/pl/resource/Street/S554,"Calle de Pedro Bosch, Madrid",<https://wikidata.org/entity/Q16540553>
http://www.group10.org/pl/resource/Street/S555,"Calle de La Regalada, Madrid",<https://wikidata.org/entity/Q29579760>
http://www.group10.org/pl/resource/Street/S556,"Paseo de la Reina Cristina, Madrid",<https://wikidata.org/entity/Q29051319>
http://www.group10.org/pl/resource/Street/S557,"Calle de Sánchez Barcáiztegui, Madrid",<https://wikidata.org/entity/Q29578550>
http://www.group10.org/pl/resource/Street/S558,calle de Téllez,<https://wikidata.org/entity/Q5740885>
http://www.group10.org/pl/resource/Street/S560,"Calle de Valderribas, Madrid",<https://wikidata.org/entity/Q29051503>
http://www.group10.org/pl/resource/Street/S561,"Calle de Vandergoten, Madrid",<https://wikidata.org/entity/Q29051400>
http://www.group10.org/pl/resource/Street/S562,"Calle de Vigo, Madrid",<https://wikidata.org/entity/Q29051449>
http://www.group10.org/pl/resource/Street/S565,Avenida de Andalucía,<https://wikidata.org/entity/Q5714182>
http://www.group10.org/pl/resource/Street/S591,"Calle del Alcalde Sáinz de Baranda, Madrid",<https://wikidata.org/entity/Q28070977>
http://www.group10.org/pl/resource/Street/S603,"Calle de Juan Esplandiu, Madrid",<https://wikidata.org/entity/Q57719867>
http://www.group10.org/pl/resource/Street/S606,"Calle de Lira, Madrid",<https://wikidata.org/entity/Q56167668>
http://www.group10.org/pl/resource/Street/S610,"Calle de O'Donnell, Madrid",<https://wikidata.org/entity/Q5740859>
http://www.group10.org/pl/resource/Street/S623,calle de Antonio Acuña,<https://wikidata.org/entity/Q28921887>
http://www.group10.org/pl/resource/Street/S626,"Calle del Doctor Castelo, Madrid",<https://wikidata.org/entity/Q63247891>
http://www.group10.org/pl/resource/Street/S627,"Calle de Fernán González, Madrid",<https://wikidata.org/entity/Q28936666>
http://www.group10.org/pl/resource/Street/S628,"Calle de Ibiza, Madrid",<https://wikidata.org/entity/Q63247838>
http://www.group10.org/pl/resource/Street/S629,"Calle de Lope de Rueda, Madrid",<https://wikidata.org/entity/Q28071028>
http://www.group10.org/pl/resource/Street/S630,"Calle de Máiquez, Madrid",<https://wikidata.org/entity/Q28936774>
http://www.group10.org/pl/resource/Street/S632,"Calle de Narváez, Madrid",<https://wikidata.org/entity/Q28936837>
http://www.group10.org/pl/resource/Street/S635,Alberto Bosch street,<https://wikidata.org/entity/Q63808908>
http://www.group10.org/pl/resource/Street/S636,Calle de Alfonso XI,<https://wikidata.org/entity/Q50132666>
http://www.group10.org/pl/resource/Street/S637,Calle de Alfonso XII,<https://wikidata.org/entity/Q5659170>
http://www.group10.org/pl/resource/Street/S638,"Calle de Antonio Maura, Madrid",<https://wikidata.org/entity/Q29566726>
http://www.group10.org/pl/resource/Street/S639,Calle de Casado del Alisal,<https://wikidata.org/entity/Q48525407>
http://www.group10.org/pl/resource/Street/S640,"Calle del Doctor Velasco, Madrid",<https://wikidata.org/entity/Q29471749>
http://www.group10.org/pl/resource/Street/S643,Felipe IV Road,<https://wikidata.org/entity/Q28004581>
http://www.group10.org/pl/resource/Street/S644,calle de Juan de Mena,<https://wikidata.org/entity/Q113653572>
http://www.group10.org/pl/resource/Street/S645,"Calle de Juan Valera, Madrid",<https://wikidata.org/entity/Q52381780>
http://www.group10.org/pl/resource/Street/S647,"Calle de Luis Camoens, Madrid",<https://wikidata.org/entity/Q52381532>
http://www.group10.org/pl/resource/Street/S649,Calle de Méndez Núñez,<https://wikidata.org/entity/Q63975135>
http://www.group10.org/pl/resource/Street/S650,"Calle de Montalbán, Madrid",<https://wikidata.org/entity/Q29903983>
http://www.group10.org/pl/resource/Street/S652,"Calle del Poeta Esteban de Villegas, Madrid",<https://wikidata.org/entity/Q52382171>
http://www.group10.org/pl/resource/Street/S653,"Calle de Ruiz de Alarcón, Madrid",<https://wikidata.org/entity/Q29566684>
http://www.group10.org/pl/resource/Street/S684,"Calle de Aguirre, Madrid",<https://wikidata.org/entity/Q28936968>
http://www.group10.org/pl/resource/Street/S685,"Calle de los Mártires de Alcalá, Madrid",<https://wikidata.org/entity/Q91446030>
http://www.group10.org/pl/resource/Street/S686,"Calle de Ayala, Madrid",<https://wikidata.org/entity/Q28052812>
http://www.group10.org/pl/resource/Street/S687,Paseo de la Castellana,<https://wikidata.org/entity/Q1473674>
http://www.group10.org/pl/resource/Street/S688,Castelló Street,<https://wikidata.org/entity/Q28058833>
http://www.group10.org/pl/resource/Street/S689,"Calle del Cid, Madrid",<https://wikidata.org/entity/Q52665136>
http://www.group10.org/pl/resource/Street/S690,Claudio Coello Street,<https://wikidata.org/entity/Q28059043>
http://www.group10.org/pl/resource/Street/S691,calle de Columela,<https://wikidata.org/entity/Q28806217>
http://www.group10.org/pl/resource/Street/S692,"Calle del Conde de Aranda, Madrid",<https://wikidata.org/entity/Q39585810>
http://www.group10.org/pl/resource/Street/S693,"Calle de Don Ramón de la Cruz, Madrid",<https://wikidata.org/entity/Q28052869>
http://www.group10.org/pl/resource/Street/S694,Calle de Goya,<https://wikidata.org/entity/Q28015873>
http://www.group10.org/pl/resource/Street/S695,calle de Gurtubay,<https://wikidata.org/entity/Q29094783>
http://www.group10.org/pl/resource/Street/S696,Calle de Hermosilla,<https://wikidata.org/entity/Q28052826>
http://www.group10.org/pl/resource/Street/S697,Lagasca Street,<https://wikidata.org/entity/Q28064981>
http://www.group10.org/pl/resource/Street/S699,"Calle del Marqués del Duero, Madrid",<https://wikidata.org/entity/Q52663723>
http://www.group10.org/pl/resource/Street/S700,Núñez de Balboa Street,<https://wikidata.org/entity/Q28065000>
http://www.group10.org/pl/resource/Street/S701,"Calle de Pedro Muñoz Seca, Madrid",<https://wikidata.org/entity/Q28916914>
http://www.group10.org/pl/resource/Street/S702,"Calle de Recoletos, Madrid",<https://wikidata.org/entity/Q52664831>
http://www.group10.org/pl/resource/Street/S703,Paseo de Recoletos,<https://wikidata.org/entity/Q2550870>
http://www.group10.org/pl/resource/Street/S704,"Calle de Salustiano Olózaga, Madrid",<https://wikidata.org/entity/Q29582299>
http://www.group10.org/pl/resource/Street/S705,calle de Velázquez,<https://wikidata.org/entity/Q20031523>
http://www.group10.org/pl/resource/Street/S706,calle de Villalar,<https://wikidata.org/entity/Q52664565>
http://www.group10.org/pl/resource/Street/S707,"Calle de Villanueva, Madrid",<https://wikidata.org/entity/Q28921542>
http://www.group10.org/pl/resource/Street/S708,"Calle de Alcántara, Madrid",<https://wikidata.org/entity/Q28070781>
http://www.group10.org/pl/resource/Street/S710,"Pasaje de Enrique Ruano, Madrid",<https://wikidata.org/entity/Q30339470>
http://www.group10.org/pl/resource/Street/S711,"Calle de Espartinas, Madrid",<https://wikidata.org/entity/Q30339883>
http://www.group10.org/pl/resource/Street/S714,General Díaz Porlier Street,<https://wikidata.org/entity/Q28065262>
http://www.group10.org/pl/resource/Street/S715,General Pardiñas Street,<https://wikidata.org/entity/Q28065178>
http://www.group10.org/pl/resource/Street/S717,Calle de Jorge Juan,<https://wikidata.org/entity/Q28070822>
http://www.group10.org/pl/resource/Street/S719,"Calle del Maestro Vives, Madrid",<https://wikidata.org/entity/Q28936732>
http://www.group10.org/pl/resource/Street/S721,calle de Montesa,<https://wikidata.org/entity/Q28070795>
http://www.group10.org/pl/resource/Street/S722,"Calle de las Naciones, Madrid",<https://wikidata.org/entity/Q29053315>
http://www.group10.org/pl/resource/Street/S739,"Calle de los Condes de Torreanaz, Madrid",<https://wikidata.org/entity/Q29531116>
http://www.group10.org/pl/resource/Street/S754,"Calle del Maestro Alonso, Madrid",<https://wikidata.org/entity/Q29914631>
http://www.group10.org/pl/resource/Street/S761,"Calle de Mercedes Fórmica, Madrid",<https://wikidata.org/entity/Q29528664>
http://www.group10.org/pl/resource/Street/S775,"Avenida de América, Madrid",<https://wikidata.org/entity/Q5686040>
http://www.group10.org/pl/resource/Street/S803,"Calle de Cartagena, Madrid",<https://wikidata.org/entity/Q27038851>
http://www.group10.org/pl/resource/Street/S804,"Calle de Castelar, Madrid",<https://wikidata.org/entity/Q45906214>
http://www.group10.org/pl/resource/Street/S807,Tierra de Barros,<https://wikidata.org/entity/Q61987218>
http://www.group10.org/pl/resource/Street/S808,"Calle del Doctor Gómez Ulla, Madrid",<https://wikidata.org/entity/Q29053346>
http://www.group10.org/pl/resource/Street/S817,Francisco Silvela Street,<https://wikidata.org/entity/Q26833642>
http://www.group10.org/pl/resource/Street/S833,"Calle de María Teresa Sáenz de Heredia, Madrid",<https://wikidata.org/entity/Q29400949>
http://www.group10.org/pl/resource/Street/S837,calle de Méjico,<https://wikidata.org/entity/Q36220986>
http://www.group10.org/pl/resource/Street/S845,calle del Pintor Moreno Carbonero,<https://wikidata.org/entity/Q44104603>
http://www.group10.org/pl/resource/Street/S852,"Avenida de los Toreros, Madrid",<https://wikidata.org/entity/Q29918658>
http://www.group10.org/pl/resource/Street/S855,"Calle de Diego de León, Madrid",<https://wikidata.org/entity/Q28059485>
http://www.group10.org/pl/resource/Street/S856,"Calle del General Oraá, Madrid",<https://wikidata.org/entity/Q28056196>
http://www.group10.org/pl/resource/Street/S857,"Calle de José Ortega y Gasset, Madrid",<https://wikidata.org/entity/Q16540548>
http://www.group10.org/pl/resource/Street/S858,"Calle de Juan Bravo, Madrid",<https://wikidata.org/entity/Q28054647>
http://www.group10.org/pl/resource/Street/S859,calle de Maldonado,<https://wikidata.org/entity/Q28056166>
http://www.group10.org/pl/resource/Street/S861,calle de Montesa,<https://wikidata.org/entity/Q28070795>
http://www.group10.org/pl/resource/Street/S862,"Calle de Padilla, Madrid",<https://wikidata.org/entity/Q28056135>
http://www.group10.org/pl/resource/Street/S863,calle de los Hermanos Bécquer,<https://wikidata.org/entity/Q28058956>
http://www.group10.org/pl/resource/Street/S864,calle de López de Hoyos,<https://wikidata.org/entity/Q27043844>
http://www.group10.org/pl/resource/Street/S865,calle del Marqués de Villamagna,<https://wikidata.org/entity/Q29919947>
http://www.group10.org/pl/resource/Street/S866,Marqués de Villamejor street,<https://wikidata.org/entity/Q42795943>
http://www.group10.org/pl/resource/Street/S867,calle del Pinar,<https://wikidata.org/entity/Q29053196>
http://www.group10.org/pl/resource/Street/S868,calle de Salas,<https://wikidata.org/entity/Q28065087>
http://www.group10.org/pl/resource/Street/S870,calle de Álvarez de Baena,<https://wikidata.org/entity/Q30043899>
http://www.group10.org/pl/resource/Street/S871,"Calle de Antonio Pérez, Madrid",<https://wikidata.org/entity/Q33133479>
http://www.group10.org/pl/resource/Street/S876,calle de Balbina Valverde,<https://wikidata.org/entity/Q28940350>
http://www.group10.org/pl/resource/Street/S886,avenida de Concha Espina,<https://wikidata.org/entity/Q27137943>
http://www.group10.org/pl/resource/Street/S889,"Avenida del Doctor Arce, Madrid",<https://wikidata.org/entity/Q29199638>
http://www.group10.org/pl/resource/Street/S893,calle de Edison,<https://wikidata.org/entity/Q28860511>
http://www.group10.org/pl/resource/Street/S903,"Calle de Francos Rodríguez, Madrid",<https://wikidata.org/entity/Q26810988>
http://www.group10.org/pl/resource/Street/S905,"Calle de Gabriel Lobo, Madrid",<https://wikidata.org/entity/Q33082819>
http://www.group10.org/pl/resource/Street/S911,"Calle del Guadalquivir, Madrid",<https://wikidata.org/entity/Q28940829>
http://www.group10.org/pl/resource/Street/S913,"Calle de Gutiérrez Solana, Madrid",<https://wikidata.org/entity/Q28531457>
http://www.group10.org/pl/resource/Street/S918,"Calle de San Fernando del Jarama, Madrid",<https://wikidata.org/entity/Q48840246>
http://www.group10.org/pl/resource/Street/S919,calle de Joaquín Costa,<https://wikidata.org/entity/Q27137371>
http://www.group10.org/pl/resource/Street/S921,"Calle de Jorge Manrique, Madrid",<https://wikidata.org/entity/Q28059362>
http://www.group10.org/pl/resource/Street/S925,"Paseo de La Habana, Madrid",<https://wikidata.org/entity/Q28059068>
http://www.group10.org/pl/resource/Street/S932,"Calle de Marceliano Santa María, Madrid",<https://wikidata.org/entity/Q28531054>
http://www.group10.org/pl/resource/Street/S940,Avenida del Cardenal Herrera Oria,<https://wikidata.org/entity/Q27556319>
http://www.group10.org/pl/resource/Street/S942,"Calle de Pedro de Valdivia, Madrid",<https://wikidata.org/entity/Q28059081>
http://www.group10.org/pl/resource/Street/S945,calle del Príncipe de Vergara,<https://wikidata.org/entity/Q5741020>
http://www.group10.org/pl/resource/Street/S951,"Calle de Rodríguez Marín, Madrid",<https://wikidata.org/entity/Q29203861>
http://www.group10.org/pl/resource/Street/S956,"Calle de Santiago Bernabéu, Madrid",<https://wikidata.org/entity/Q28375358>
http://www.group10.org/pl/resource/Street/S959,"Calle del Segre, Madrid",<https://wikidata.org/entity/Q28944793>
http://www.group10.org/pl/resource/Street/S960,Serrano Street,<https://wikidata.org/entity/Q5740879>
http://www.group10.org/pl/resource/Street/S977,"Carretera de Canillas, Madrid",<https://wikidata.org/entity/Q28973490>
http://www.group10.org/pl/resource/Street/S979,"Calle de Carlos Balenchana, Madrid",<https://wikidata.org/entity/Q28943627>
http://www.group10.org/pl/resource/Street/S980,Clara del Rey Street,<https://wikidata.org/entity/Q28055037>
http://www.group10.org/pl/resource/Street/S982,"Calle del Corazón de María, Madrid",<https://wikidata.org/entity/Q28940875>
http://www.group10.org/pl/resource/Street/S990,"Calle del General Zabala, Madrid",<https://wikidata.org/entity/Q29201928>
http://www.group10.org/pl/resource/Street/S996,"Calle de Luis Cabrera, Madrid",<https://wikidata.org/entity/Q28943623>
http://www.group10.org/pl/resource/Street/S997,"Calle de Luis de Salazar, Madrid",<https://wikidata.org/entity/Q28940906>
http://www.group10.org/pl/resource/Street/S1012,"Calle de Ramos Carrión, Madrid",<https://wikidata.org/entity/Q28940870>
http://www.group10.org/pl/resource/Street/S1015,"Calle de San Fernando del Jarama, Madrid",<https://wikidata.org/entity/Q48840246>
http://www.group10.org/pl/resource/Street/S1016,"Calle de San Nazario, Madrid",<https://wikidata.org/entity/Q28944610>
http://www.group10.org/pl/resource/Street/S1019,"Calle de Santa Hortensia, Madrid",<https://wikidata.org/entity/Q28943619>
http://www.group10.org/pl/resource/Street/S1026,"Avenida de Alfonso XIII, Madrid",<https://wikidata.org/entity/Q29397736>
http://www.group10.org/pl/resource/Street/S1052,"Calle de Luis Vives, Madrid",<https://wikidata.org/entity/Q29212673>
http://www.group10.org/pl/resource/Street/S1054,Calle de Mantuano,<https://wikidata.org/entity/Q27048291>
http://www.group10.org/pl/resource/Street/S1055,"Calle de Marcenado, Madrid",<https://wikidata.org/entity/Q30465193>
http://www.group10.org/pl/resource/Street/S1063,"Calle de Pechuán, Madrid",<https://wikidata.org/entity/Q29366513>
http://www.group10.org/pl/resource/Street/S1067,calle de Pradillo,<https://wikidata.org/entity/Q55868790>
http://www.group10.org/pl/resource/Street/S1068,"Avenida de Ramón y Cajal, Madrid",<https://wikidata.org/entity/Q30467128>
http://www.group10.org/pl/resource/Street/S1073,"Calle de Saturnino Calleja, Madrid",<https://wikidata.org/entity/Q55899017>
http://www.group10.org/pl/resource/Street/S1075,"Calle de Suero de Quiñones, Madrid",<https://wikidata.org/entity/Q29202471>
http://www.group10.org/pl/resource/Street/S1078,avenida de Alberto Alcocer,<https://wikidata.org/entity/Q26833742>
http://www.group10.org/pl/resource/Street/S1096,"Calle del Doctor Fleming, Madrid",<https://wikidata.org/entity/Q28740159>
http://www.group10.org/pl/resource/Street/S1101,"Calle del Duque de Fernán Núñez, Madrid",<https://wikidata.org/entity/Q29051517>
http://www.group10.org/pl/resource/Street/S1109,"Calle de Juan Ramón Jiménez, Madrid",<https://wikidata.org/entity/Q29018444>
http://www.group10.org/pl/resource/Street/S1113,"Calle de Manuel de Falla, Madrid",<https://wikidata.org/entity/Q28740170>
http://www.group10.org/pl/resource/Street/S1119,"Calle del Padre Damián, Madrid",<https://wikidata.org/entity/Q28740210>
http://www.group10.org/pl/resource/Street/S1125,"Calle del Profesor Waksman, Madrid",<https://wikidata.org/entity/Q28740138>
http://www.group10.org/pl/resource/Street/S1130,"Calle de Romero Girón, Madrid",<https://wikidata.org/entity/Q29228011>
http://www.group10.org/pl/resource/Street/S1135,calle de Talavera,<https://wikidata.org/entity/Q74145007>
http://www.group10.org/pl/resource/Street/S1144,"Calle de Víctor Andrés Belaúnde, Madrid",<https://wikidata.org/entity/Q56550561>
http://www.group10.org/pl/resource/Street/S1149,"Calle del Arenal de Maudes, Madrid",<https://wikidata.org/entity/Q29023706>
http://www.group10.org/pl/resource/Street/S1156,"Calle de los Caídos de la División Azul, Madrid",<https://wikidata.org/entity/Q29793566>
http://www.group10.org/pl/resource/Street/S1158,"Calle de Carlos Maurrás, Madrid",<https://wikidata.org/entity/Q26960303>
http://www.group10.org/pl/resource/Street/S1166,Calle de la Drácena,<https://wikidata.org/entity/Q62990962>
http://www.group10.org/pl/resource/Street/S1170,"Calle de los Picos de Europa, Madrid",<https://wikidata.org/entity/Q29529099>
http://www.group10.org/pl/resource/Street/S1172,"Calle de Félix Boix, Madrid",<https://wikidata.org/entity/Q29122986>
http://www.group10.org/pl/resource/Street/S1173,"Avenida de Filipinas, Madrid",<https://wikidata.org/entity/Q28024292>
http://www.group10.org/pl/resource/Street/S1176,"Calle de Fray Bernardino Sahagún, Madrid",<https://wikidata.org/entity/Q29018482>
http://www.group10.org/pl/resource/Street/S1179,"Calle del General López Pozas, Madrid",<https://wikidata.org/entity/Q29055446>
http://www.group10.org/pl/resource/Street/S1181,"Calle de Henri Dunant, Madrid",<https://wikidata.org/entity/Q29018355>
http://www.group10.org/pl/resource/Street/S1182,"Calle de Honduras, Madrid",<https://wikidata.org/entity/Q29026227>
http://www.group10.org/pl/resource/Street/S1187,"Calle de Juan Hurtado de Mendoza, Madrid",<https://wikidata.org/entity/Q54486212>
http://www.group10.org/pl/resource/Street/S1195,"Calle de Manuel Benedito, Madrid",<https://wikidata.org/entity/Q29027246>
http://www.group10.org/pl/resource/Street/S1198,"Calle de Mateo Inurria, Madrid",<https://wikidata.org/entity/Q26821557>
http://www.group10.org/pl/resource/Street/S1199,"Calle de Menéndez Pidal, Madrid",<https://wikidata.org/entity/Q28914381>
http://www.group10.org/pl/resource/Street/S1204,"Calle de Pedro Muguruza, Madrid",<https://wikidata.org/entity/Q29023921>
http://www.group10.org/pl/resource/Street/S1206,Avenida de Pío XII,<https://wikidata.org/entity/Q54369706>
http://www.group10.org/pl/resource/Street/S1213,calle de Santa María Magdalena,<https://wikidata.org/entity/Q62991157>
http://www.group10.org/pl/resource/Street/S1216,calle del Torpedero Tucumán,<https://wikidata.org/entity/Q29397139>
http://www.group10.org/pl/resource/Street/S1220,"Calle de Agustín de Foxá, Madrid",<https://wikidata.org/entity/Q54526348>
http://www.group10.org/pl/resource/Street/S1224,"Calle del Bambú, Madrid",<https://wikidata.org/entity/Q54530967>
http://www.group10.org/pl/resource/Street/S1226,"Avenida de Burgos, Madrid",<https://wikidata.org/entity/Q29902431>
http://www.group10.org/pl/resource/Street/S1240,"Calle de José Bardasano Baos, Madrid",<https://wikidata.org/entity/Q54372172>
http://www.group10.org/pl/resource/Street/S1269,"Calle de Almansa, Madrid",<https://wikidata.org/entity/Q54564278>
http://www.group10.org/pl/resource/Street/S1273,"Calle de Avelino Montero Ríos, Madrid",<https://wikidata.org/entity/Q56753636>
http://www.group10.org/pl/resource/Street/S1278,Carolinas Street,<https://wikidata.org/entity/Q28974057>
http://www.group10.org/pl/resource/Street/S1279,Castilla Street,<https://wikidata.org/entity/Q28966738>
http://www.group10.org/pl/resource/Street/S1282,"Avenida del Doctor Federico Rubio y Galí, Madrid",<https://wikidata.org/entity/Q26821160>
http://www.group10.org/pl/resource/Street/S1286,"Pasaje de Enrique Ruano, Madrid",<https://wikidata.org/entity/Q30339470>
http://www.group10.org/pl/resource/Street/S1290,"Calle de Francos Rodríguez, Madrid",<https://wikidata.org/entity/Q26810988>
http://www.group10.org/pl/resource/Street/S1292,"Calle de Goiri, Madrid",<https://wikidata.org/entity/Q28966412>
http://www.group10.org/pl/resource/Street/S1293,Jerónima Llorente Street,<https://wikidata.org/entity/Q26820218>
http://www.group10.org/pl/resource/Street/S1294,"Calle de Joaquín Arjona, Madrid",<https://wikidata.org/entity/Q28976257>
http://www.group10.org/pl/resource/Street/S1304,"Calle de Blanca de Navarra, Madrid",<https://wikidata.org/entity/Q28524780>
http://www.group10.org/pl/resource/Street/S1306,Olite Street,<https://wikidata.org/entity/Q28974669>
http://www.group10.org/pl/resource/Street/S1307,Oudrid Street,<https://wikidata.org/entity/Q28976208>
http://www.group10.org/pl/resource/Street/S1308,avenida de Pablo Iglesias,<https://wikidata.org/entity/Q28045035>
http://www.group10.org/pl/resource/Street/S1309,"Calle de Pamplona, Madrid",<https://wikidata.org/entity/Q26820886>
http://www.group10.org/pl/resource/Street/S1313,"Calle de Fray Bernardino Sahagún, Madrid",<https://wikidata.org/entity/Q29018482>
http://www.group10.org/pl/resource/Street/S1314,"Calle de San Raimundo, Madrid",<https://wikidata.org/entity/Q28974673>
http://www.group10.org/pl/resource/Street/S1317,Santa Juliana Street,<https://wikidata.org/entity/Q28974655>
http://www.group10.org/pl/resource/Street/S1318,Tenerife Street,<https://wikidata.org/entity/Q28974066>
http://www.group10.org/pl/resource/Street/S1321,"Calle de Wad-Ras, Madrid",<https://wikidata.org/entity/Q28976221>
http://www.group10.org/pl/resource/Street/S1325,"Calle de los Artistas, Madrid",<https://wikidata.org/entity/Q26833591>
http://www.group10.org/pl/resource/Street/S1326,"Calle de Asunción Castell, Madrid",<https://wikidata.org/entity/Q28966349>
http://www.group10.org/pl/resource/Street/S1327,calle del Aviador Zorita,<https://wikidata.org/entity/Q28045099>
http://www.group10.org/pl/resource/Street/S1328,"Calle de Ávila, Madrid",<https://wikidata.org/entity/Q28966592>
http://www.group10.org/pl/resource/Street/S1330,avenida de Brasil,<https://wikidata.org/entity/Q27212874>
http://www.group10.org/pl/resource/Street/S1338,"Calle de Edgar Neville, Madrid",<https://wikidata.org/entity/Q28004664>
http://www.group10.org/pl/resource/Street/S1339,"Calle de Fortunata y Jacinta, Madrid",<https://wikidata.org/entity/Q28962363>
http://www.group10.org/pl/resource/Street/S1340,"Calle del General Cabrera, Madrid",<https://wikidata.org/entity/Q28966669>
http://www.group10.org/pl/resource/Street/S1341,Avenida del General Perón,<https://wikidata.org/entity/Q26761632>
http://www.group10.org/pl/resource/Street/S1342,"Calle del General Ramírez de Madrid, Madrid",<https://wikidata.org/entity/Q28966677>
http://www.group10.org/pl/resource/Street/S1343,Calle de Guipúzcoa,<https://wikidata.org/entity/Q28042654>
http://www.group10.org/pl/resource/Street/S1344,"Calle de Hernani, Madrid",<https://wikidata.org/entity/Q26833571>
http://www.group10.org/pl/resource/Street/S1345,"Calle de Infanta Mercedes, Madrid",<https://wikidata.org/entity/Q27044192>
http://www.group10.org/pl/resource/Street/S1347,"Calle de Jaén, Madrid",<https://wikidata.org/entity/Q54564835>
http://www.group10.org/pl/resource/Street/S1348,"Calle de José María de Castro, Madrid",<https://wikidata.org/entity/Q28966601>
http://www.group10.org/pl/resource/Street/S1349,"Calle de Juan de Olías, Madrid",<https://wikidata.org/entity/Q28966491>
http://www.group10.org/pl/resource/Street/S1350,"Calle de Julián Besteiro, Madrid",<https://wikidata.org/entity/Q26806522>
http://www.group10.org/pl/resource/Street/S1351,"Calle de La Coruña, Madrid",<https://wikidata.org/entity/Q28966364>
http://www.group10.org/pl/resource/Street/S1352,"Calle de Lérida, Madrid",<https://wikidata.org/entity/Q28966575>
http://www.group10.org/pl/resource/Street/S1354,"Calle de Manuel Luna, Madrid",<https://wikidata.org/entity/Q28966331>
http://www.group10.org/pl/resource/Street/S1355,"Calle de los Mártires de Paracuellos, Madrid",<https://wikidata.org/entity/Q28962593>
http://www.group10.org/pl/resource/Street/S1356,"Calle de las Mercedes, Madrid",<https://wikidata.org/entity/Q28966391>
http://www.group10.org/pl/resource/Street/S1357,"Calle de Montevideo, Madrid",<https://wikidata.org/entity/Q29963610>
http://www.group10.org/pl/resource/Street/S1359,"Calle de Orense, Madrid",<https://wikidata.org/entity/Q26761687>
http://www.group10.org/pl/resource/Street/S1362,"Calle de Palencia, Madrid",<https://wikidata.org/entity/Q28042695>
http://www.group10.org/pl/resource/Street/S1363,"Calle de Pedro Teixeira, Madrid",<https://wikidata.org/entity/Q28482336>
http://www.group10.org/pl/resource/Street/S1364,"Calle del Poeta Joan Maragall, Madrid",<https://wikidata.org/entity/Q26810980>
http://www.group10.org/pl/resource/Street/S1365,"Avenida del Presidente Carmona, Madrid",<https://wikidata.org/entity/Q28966694>
http://www.group10.org/pl/resource/Street/S1366,Reina Mercedes Street,<https://wikidata.org/entity/Q56783792>
http://www.group10.org/pl/resource/Street/S1367,calle de Edison,<https://wikidata.org/entity/Q28860511>
http://www.group10.org/pl/resource/Street/S1371,"Calle de San Germán, Madrid",<https://wikidata.org/entity/Q26750807>
http://www.group10.org/pl/resource/Street/S1373,"Calle de Teruel, Madrid",<https://wikidata.org/entity/Q28042629>
http://www.group10.org/pl/resource/Street/S1382,"Calle de Estébanez Calderón, Madrid",<https://wikidata.org/entity/Q45808176>
http://www.group10.org/pl/resource/Street/S1383,"Calle de Francisco Gervás, Madrid",<https://wikidata.org/entity/Q55956437>
http://www.group10.org/pl/resource/Street/S1385,"Calle del General Margallo, Madrid",<https://wikidata.org/entity/Q27038202>
http://www.group10.org/pl/resource/Street/S1386,"Calle del Hermano Gárate, Madrid",<https://wikidata.org/entity/Q29168523>
http://www.group10.org/pl/resource/Street/S1387,"Calle de Huesca, Madrid",<https://wikidata.org/entity/Q29168261>
http://www.group10.org/pl/resource/Street/S1392,"Calle del Marqués de Leis, Madrid",<https://wikidata.org/entity/Q32860539>
http://www.group10.org/pl/resource/Street/S1395,"Calle del Pensamiento, Madrid",<https://wikidata.org/entity/Q29169174>
http://www.group10.org/pl/resource/Street/S1396,Pintor Juan Gris Street,<https://wikidata.org/entity/Q28966655>
http://www.group10.org/pl/resource/Street/S1399,"Calle de Rosario Pino, Madrid",<https://wikidata.org/entity/Q29055028>
http://www.group10.org/pl/resource/Street/S1400,"Calle San Felipe Neri, Alcalá de Henares",<https://wikidata.org/entity/Q61348404>
http://www.group10.org/pl/resource/Street/S1402,"Calle de Sor Ángela de la Cruz, Madrid",<https://wikidata.org/entity/Q21011321>
http://www.group10.org/pl/resource/Street/S1408,"Calle de Alemania, Madrid",<https://wikidata.org/entity/Q56424751>
http://www.group10.org/pl/resource/Street/S1409,calle de Álvarez de Baena,<https://wikidata.org/entity/Q30043899>
http://www.group10.org/pl/resource/Street/S1410,"Calle de Antonio Maura, Madrid",<https://wikidata.org/entity/Q29566726>
http://www.group10.org/pl/resource/Street/S1411,Avenida de Asturias,<https://wikidata.org/entity/Q30300905>
http://www.group10.org/pl/resource/Street/S1416,"Calle de los Cedros, Madrid",<https://wikidata.org/entity/Q56122254>
http://www.group10.org/pl/resource/Street/S1419,"Calle de los Cuatro Amigos, Madrid",<https://wikidata.org/entity/Q66821407>
http://www.group10.org/pl/resource/Street/S1421,paseo de la Dirección,<https://wikidata.org/entity/Q27043701>
http://www.group10.org/pl/resource/Street/S1425,"Calle de Eugenio, Madrid",<https://wikidata.org/entity/Q56122192>
http://www.group10.org/pl/resource/Street/S1433,"Calle de José Calvo, Madrid",<https://wikidata.org/entity/Q28037227>
http://www.group10.org/pl/resource/Street/S1435,"Calle de las Magnolias, Madrid",<https://wikidata.org/entity/Q56122018>
http://www.group10.org/pl/resource/Street/S1440,"Calle de los Mártires de la Ventilla, Madrid",<https://wikidata.org/entity/Q56122321>
http://www.group10.org/pl/resource/Street/S1441,"Calle de Matilde Landa, Madrid",<https://wikidata.org/entity/Q56121903>
http://www.group10.org/pl/resource/Street/S1442,María de Molina,<https://wikidata.org/entity/Q28058270>
http://www.group10.org/pl/resource/Street/S1453,"Calle de Pinos Alta, Madrid",<https://wikidata.org/entity/Q54562684>
http://www.group10.org/pl/resource/Street/S1457,calle de San Aquilino,<https://wikidata.org/entity/Q107095703>
http://www.group10.org/pl/resource/Street/S1459,"Calle de San Leopoldo, Madrid",<https://wikidata.org/entity/Q56122609>
http://www.group10.org/pl/resource/Street/S1461,Sinesio Delgado Street,<https://wikidata.org/entity/Q52245452>
http://www.group10.org/pl/resource/Street/S1463,"Calle de la Vía Límite, Madrid",<https://wikidata.org/entity/Q56121122>
http://www.group10.org/pl/resource/Street/S1472,"Calle de Alberdi, Madrid",<https://wikidata.org/entity/Q56085126>
http://www.group10.org/pl/resource/Street/S1474,"Calle del Aligustre, Madrid",<https://wikidata.org/entity/Q54561394>
http://www.group10.org/pl/resource/Street/S1476,"Calle de Ana María, Madrid",<https://wikidata.org/entity/Q30343270>
http://www.group10.org/pl/resource/Street/S1481,"Calle del Arroyo del Olivar, Madrid",<https://wikidata.org/entity/Q29561517>
http://www.group10.org/pl/resource/Street/S1482,calle de las Azucenas,<https://wikidata.org/entity/Q27150352>
http://www.group10.org/pl/resource/Street/S1485,"Calle del Cactus, Madrid",<https://wikidata.org/entity/Q30343631>
http://www.group10.org/pl/resource/Street/S1486,Cantueso Street,<https://wikidata.org/entity/Q54563249>
http://www.group10.org/pl/resource/Street/S1487,Capitán Blanco Argibay Street,<https://wikidata.org/entity/Q27038685>
http://www.group10.org/pl/resource/Street/S1489,"Calle de Ceuta, Madrid",<https://wikidata.org/entity/Q28944680>
http://www.group10.org/pl/resource/Street/S1491,"Calle del Conde de Vallellano, Madrid",<https://wikidata.org/entity/Q27037913>
http://www.group10.org/pl/resource/Street/S1492,Crisantemo Street,<https://wikidata.org/entity/Q54561211>
http://www.group10.org/pl/resource/Street/S1493,"Calle de las Cuevas, Madrid",<https://wikidata.org/entity/Q30343566>
http://www.group10.org/pl/resource/Street/S1502,Calle de Fray Junípero Serra,<https://wikidata.org/entity/Q29859738>
http://www.group10.org/pl/resource/Street/S1504,Calle de Garci-Nuño,<https://wikidata.org/entity/Q30342691>
http://www.group10.org/pl/resource/Street/S1507,Gonzalo Herrero Street,<https://wikidata.org/entity/Q30342822>
http://www.group10.org/pl/resource/Street/S1508,Gonzalo Sandino Street,<https://wikidata.org/entity/Q30343497>
http://www.group10.org/pl/resource/Street/S1511,"Calle de la Guzmania, Madrid",<https://wikidata.org/entity/Q30343010>
http://www.group10.org/pl/resource/Street/S1512,"Calle de Juan de Herrera, Madrid",<https://wikidata.org/entity/Q52153099>
http://www.group10.org/pl/resource/Street/S1523,"Calle del Marqués de Viana, Madrid",<https://wikidata.org/entity/Q28944893>
http://www.group10.org/pl/resource/Street/S1525,travesía de San Mateo,<https://wikidata.org/entity/Q28524122>
http://www.group10.org/pl/resource/Street/S1528,Monasterio de Leyre Street,<https://wikidata.org/entity/Q28994571>
http://www.group10.org/pl/resource/Street/S1532,"Calle de Ofelia Nieto, Madrid",<https://wikidata.org/entity/Q26832655>
http://www.group10.org/pl/resource/Street/S1540,"Calle de Romero Robledo, Madrid",<https://wikidata.org/entity/Q27245488>
http://www.group10.org/pl/resource/Street/S1546,"Calle del Sorgo, Madrid",<https://wikidata.org/entity/Q54562109>
http://www.group10.org/pl/resource/Street/S1551,"Calle de los Voluntarios Catalanes, Madrid",<https://wikidata.org/entity/Q29859874>
http://www.group10.org/pl/resource/Street/S1559,"Avenida de Burgos, Madrid",<https://wikidata.org/entity/Q29902431>
http://www.group10.org/pl/resource/Street/S1573,"Calle de José Calvo, Madrid",<https://wikidata.org/entity/Q28037227>
http://www.group10.org/pl/resource/Street/S1576,"Calle de Lope de Haro, Madrid",<https://wikidata.org/entity/Q28039019>
http://www.group10.org/pl/resource/Street/S1584,"Calle de Mariano Fernández, Madrid",<https://wikidata.org/entity/Q28042912>
http://www.group10.org/pl/resource/Street/S1585,"Calle de Martínez de la Riva, Madrid",<https://wikidata.org/entity/Q29531664>
http://www.group10.org/pl/resource/Street/S1586,"Calle del Naranjo, Madrid",<https://wikidata.org/entity/Q56089165>
http://www.group10.org/pl/resource/Street/S1589,calle de los Señores de Luzón,<https://wikidata.org/entity/Q24658361>
http://www.group10.org/pl/resource/Street/S1590,Panizo Street,<https://wikidata.org/entity/Q56089384>
http://www.group10.org/pl/resource/Street/S1598,Saúco Street,<https://wikidata.org/entity/Q56089349>
http://www.group10.org/pl/resource/Street/S1600,"Calle de Tablada, Madrid",<https://wikidata.org/entity/Q56089248>
http://www.group10.org/pl/resource/Street/S1601,"Calle de Villaamil, Madrid",<https://wikidata.org/entity/Q28037199>
http://www.group10.org/pl/resource/Street/S1604,Calle de Alberto Aguilera,<https://wikidata.org/entity/Q5740796>
http://www.group10.org/pl/resource/Street/S1605,calle de Andrés Mellado,<https://wikidata.org/entity/Q27243367>
http://www.group10.org/pl/resource/Street/S1607,calle de Antonio Palomino,<https://wikidata.org/entity/Q27243736>
http://www.group10.org/pl/resource/Street/S1608,"calle del Arcipreste de Hita, Madrid",<https://wikidata.org/entity/Q27243768>
http://www.group10.org/pl/resource/Street/S1609,calle de Blasco de Garay,<https://wikidata.org/entity/Q26831099>
http://www.group10.org/pl/resource/Street/S1610,calle de Calvo Asensio,<https://wikidata.org/entity/Q27243690>
http://www.group10.org/pl/resource/Street/S1611,calle de Cea Bermúdez,<https://wikidata.org/entity/Q26791743>
http://www.group10.org/pl/resource/Street/S1612,calle de Donoso Cortés,<https://wikidata.org/entity/Q27243288>
http://www.group10.org/pl/resource/Street/S1613,calle de Fernández de los Ríos,<https://wikidata.org/entity/Q26774731>
http://www.group10.org/pl/resource/Street/S1614,"Calle de Fernando el Católico, Madrid",<https://wikidata.org/entity/Q27243299>
http://www.group10.org/pl/resource/Street/S1615,Calle de Francisco Ricci,<https://wikidata.org/entity/Q27031559>
http://www.group10.org/pl/resource/Street/S1616,calle de Gaztambide,<https://wikidata.org/entity/Q27243265>
http://www.group10.org/pl/resource/Street/S1617,"Calle de Guzmán el Bueno, Madrid",<https://wikidata.org/entity/Q27031398>
http://www.group10.org/pl/resource/Street/S1618,calle de Hilarión Eslava,<https://wikidata.org/entity/Q27243291>
http://www.group10.org/pl/resource/Street/S1619,calle de Isaac Peral,<https://wikidata.org/entity/Q26791245>
http://www.group10.org/pl/resource/Street/S1620,calle de Joaquín María López,<https://wikidata.org/entity/Q27243136>
http://www.group10.org/pl/resource/Street/S1621,Calle de Meléndez Valdés,<https://wikidata.org/entity/Q27031533>
http://www.group10.org/pl/resource/Street/S1622,"Calle de Rodríguez San Pedro, Madrid",<https://wikidata.org/entity/Q27031515>
http://www.group10.org/pl/resource/Street/S1623,calle de Arapiles,<https://wikidata.org/entity/Q27243804>
http://www.group10.org/pl/resource/Street/S1624,Calle de Bravo Murillo,<https://wikidata.org/entity/Q5740815>
http://www.group10.org/pl/resource/Street/S1628,calle de Emilio Carrère,<https://wikidata.org/entity/Q27243425>
http://www.group10.org/pl/resource/Street/S1629,calle de la Escosura,<https://wikidata.org/entity/Q27243798>
http://www.group10.org/pl/resource/Street/S1631,calle de Fernando Garrido,<https://wikidata.org/entity/Q27243383>
http://www.group10.org/pl/resource/Street/S1632,calle de Galileo,<https://wikidata.org/entity/Q27031392>
http://www.group10.org/pl/resource/Street/S1633,"Calle del Lozoya, Madrid",<https://wikidata.org/entity/Q28024452>
http://www.group10.org/pl/resource/Street/S1634,calle de Magallanes,<https://wikidata.org/entity/Q27243356>
http://www.group10.org/pl/resource/Street/S1636,calle de Vallehermoso,<https://wikidata.org/entity/Q27243374>
http://www.group10.org/pl/resource/Street/S1637,"Calle de Alburquerque, Madrid",<https://wikidata.org/entity/Q28732994>
http://www.group10.org/pl/resource/Street/S1638,"Calle del Cardenal Cisneros, Madrid",<https://wikidata.org/entity/Q28016841>
http://www.group10.org/pl/resource/Street/S1639,calle del Castillo,<https://wikidata.org/entity/Q28024189>
http://www.group10.org/pl/resource/Street/S1640,"Calle de Covarrubias, Madrid",<https://wikidata.org/entity/Q28029043>
http://www.group10.org/pl/resource/Street/S1641,"Calle de Eguílaz, Madrid",<https://wikidata.org/entity/Q28537871>
http://www.group10.org/pl/resource/Street/S1642,"Calle de Feijoó, Madrid",<https://wikidata.org/entity/Q28024252>
http://www.group10.org/pl/resource/Street/S1643,"Calle de Francisco de Rojas, Madrid",<https://wikidata.org/entity/Q28032307>
http://www.group10.org/pl/resource/Street/S1644,"Calle de García de Paredes, Madrid",<https://wikidata.org/entity/Q27999056>
http://www.group10.org/pl/resource/Street/S1645,"Calle de Garcilaso, Madrid",<https://wikidata.org/entity/Q28539254>
http://www.group10.org/pl/resource/Street/S1646,"Calle del General Álvarez de Castro, Madrid",<https://wikidata.org/entity/Q28024232>
http://www.group10.org/pl/resource/Street/S1648,calle de Gonzalo de Córdoba,<https://wikidata.org/entity/Q28733317>
http://www.group10.org/pl/resource/Street/S1649,"Calle de Hartzenbusch, Madrid",<https://wikidata.org/entity/Q30575170>
http://www.group10.org/pl/resource/Street/S1652,"Calle de José Abascal, Madrid",<https://wikidata.org/entity/Q27310549>
http://www.group10.org/pl/resource/Street/S1654,"Calle de Juan de Austria, Madrid",<https://wikidata.org/entity/Q28533453>
http://www.group10.org/pl/resource/Street/S1655,"Calle de Manuel Cortina, Madrid",<https://wikidata.org/entity/Q28537702>
http://www.group10.org/pl/resource/Street/S1657,"Calle de Manuel Silvela, Madrid",<https://wikidata.org/entity/Q28032364>
http://www.group10.org/pl/resource/Street/S1659,street of Nicasio Gallego,<https://wikidata.org/entity/Q28537739>
http://www.group10.org/pl/resource/Street/S1660,"Calle de Olid, Madrid",<https://wikidata.org/entity/Q28733302>
http://www.group10.org/pl/resource/Street/S1661,"Calle de Palafox, Madrid",<https://wikidata.org/entity/Q28733295>
http://www.group10.org/pl/resource/Street/S1662,"Calle de Quesada, Madrid",<https://wikidata.org/entity/Q28024178>
http://www.group10.org/pl/resource/Street/S1663,"Calle de Raimundo Lulio, Madrid",<https://wikidata.org/entity/Q28538784>
http://www.group10.org/pl/resource/Street/S1664,"Calle de Sagunto, Madrid",<https://wikidata.org/entity/Q28539387>
http://www.group10.org/pl/resource/Street/S1665,"Calle de Sandoval, Madrid",<https://wikidata.org/entity/Q28029264>
http://www.group10.org/pl/resource/Street/S1666,"Calle de Santa Engracia, Madrid",<https://wikidata.org/entity/Q26728109>
http://www.group10.org/pl/resource/Street/S1667,"Calle de Santa Feliciana, Madrid",<https://wikidata.org/entity/Q28538924>
http://www.group10.org/pl/resource/Street/S1668,"Calle de Santísima Trinidad, Madrid",<https://wikidata.org/entity/Q28593693>
http://www.group10.org/pl/resource/Street/S1669,"Calle de Trafalgar, Madrid",<https://wikidata.org/entity/Q28024216>
http://www.group10.org/pl/resource/Street/S1670,"Calle de Viriato, Madrid",<https://wikidata.org/entity/Q28015653>
http://www.group10.org/pl/resource/Street/S1671,Alcalá Galiano Street,<https://wikidata.org/entity/Q29035464>
http://www.group10.org/pl/resource/Street/S1672,"Calle de Alfonso X, Madrid",<https://wikidata.org/entity/Q29035460>
http://www.group10.org/pl/resource/Street/S1673,"Calle de Almagro, Madrid",<https://wikidata.org/entity/Q26844339>
http://www.group10.org/pl/resource/Street/S1674,calle de Alonso Cano,<https://wikidata.org/entity/Q27314531>
http://www.group10.org/pl/resource/Street/S1676,"Calle de Blanca de Navarra, Madrid",<https://wikidata.org/entity/Q28524780>
http://www.group10.org/pl/resource/Street/S1677,"Calle de Caracas, Madrid",<https://wikidata.org/entity/Q28028972>
http://www.group10.org/pl/resource/Street/S1678,"Paseo de Eduardo Dato, Madrid",<https://wikidata.org/entity/Q20890584>
http://www.group10.org/pl/resource/Street/S1680,Fernández de la Hoz street,<https://wikidata.org/entity/Q27314868>
http://www.group10.org/pl/resource/Street/S1681,Fernando el Santo,<https://wikidata.org/entity/Q28029008>
http://www.group10.org/pl/resource/Street/S1682,Calle de Fortuny,<https://wikidata.org/entity/Q28072318>
http://www.group10.org/pl/resource/Street/S1683,"Calle del General Arrando, Madrid",<https://wikidata.org/entity/Q28028935>
http://www.group10.org/pl/resource/Street/S1684,"Calle de Jenner, Madrid",<https://wikidata.org/entity/Q27243080>
http://www.group10.org/pl/resource/Street/S1685,"Calle del Marqués del Riscal, Madrid",<https://wikidata.org/entity/Q29035468>
http://www.group10.org/pl/resource/Street/S1686,"Calle de Miguel Ángel, Madrid",<https://wikidata.org/entity/Q27991265>
http://www.group10.org/pl/resource/Street/S1687,"Calle de Modesto Lafuente, Madrid",<https://wikidata.org/entity/Q27314640>
http://www.group10.org/pl/resource/Street/S1688,rue Monte Esquinza,<https://wikidata.org/entity/Q26837594>
http://www.group10.org/pl/resource/Street/S1689,"Calle de Morejón, Madrid",<https://wikidata.org/entity/Q28539675>
http://www.group10.org/pl/resource/Street/S1690,"Calle de Orfila, Madrid",<https://wikidata.org/entity/Q28528263>
http://www.group10.org/pl/resource/Street/S1692,"Calle de Ponce de León, Madrid",<https://wikidata.org/entity/Q28024850>
http://www.group10.org/pl/resource/Street/S1693,"Calle de Ponzano, Madrid",<https://wikidata.org/entity/Q26737707>
http://www.group10.org/pl/resource/Street/S1694,"Calle de Rafael Calvo, Madrid",<https://wikidata.org/entity/Q28527132>
http://www.group10.org/pl/resource/Street/S1695,"Calle de las Virtudes, Madrid",<https://wikidata.org/entity/Q28539591>
http://www.group10.org/pl/resource/Street/S1696,calle de Zurbano,<https://wikidata.org/entity/Q27043742>
http://www.group10.org/pl/resource/Street/S1697,Calle de Zurbarán,<https://wikidata.org/entity/Q28028696>
http://www.group10.org/pl/resource/Street/S1698,Agustín de Betancourt Street,<https://wikidata.org/entity/Q27314769>
http://www.group10.org/pl/resource/Street/S1699,"Calle Alenza, Madrid",<https://wikidata.org/entity/Q27313964>
http://www.group10.org/pl/resource/Street/S1700,"Calle de Bretón de los Herreros, Madrid",<https://wikidata.org/entity/Q27309245>
http://www.group10.org/pl/resource/Street/S1701,"Calle de Cristóbal Bordiu, Madrid",<https://wikidata.org/entity/Q27309902>
http://www.group10.org/pl/resource/Street/S1703,"Calle de Espronceda, Madrid",<https://wikidata.org/entity/Q27309526>
http://www.group10.org/pl/resource/Street/S1704,"Calle de Málaga, Madrid",<https://wikidata.org/entity/Q54641363>
http://www.group10.org/pl/resource/Street/S1705,"Calle de María de Guzmán, Madrid",<https://wikidata.org/entity/Q27310035>
http://www.group10.org/pl/resource/Street/S1706,"Calle de María Panés, Madrid",<https://wikidata.org/entity/Q28944470>
http://www.group10.org/pl/resource/Street/S1707,"Calle de Maudes, Madrid",<https://wikidata.org/entity/Q26742863>
http://www.group10.org/pl/resource/Street/S1708,Calle de Ríos Rosas,<https://wikidata.org/entity/Q27267331>
http://www.group10.org/pl/resource/Street/S1710,"Calle de Treviño, Madrid",<https://wikidata.org/entity/Q27345310>
http://www.group10.org/pl/resource/Street/S1711,calle de Martín de Vargas,<https://wikidata.org/entity/Q68986257>
http://www.group10.org/pl/resource/Street/S1715,calle de Boix y Morer,<https://wikidata.org/entity/Q28024373>
http://www.group10.org/pl/resource/Street/S1718,calle de Esquilache,<https://wikidata.org/entity/Q28367356>
http://www.group10.org/pl/resource/Street/S1720,"Avenida de Filipinas, Madrid",<https://wikidata.org/entity/Q28024292>
http://www.group10.org/pl/resource/Street/S1722,calle del General Ibáñez de Íbero,<https://wikidata.org/entity/Q27243311>
http://www.group10.org/pl/resource/Street/S1726,"Paseo de Juan XXIII, Madrid",<https://wikidata.org/entity/Q28367318>
http://www.group10.org/pl/resource/Street/S1728,calle de Julián Romea,<https://wikidata.org/entity/Q29919201>
http://www.group10.org/pl/resource/Street/S1730,calle de Lucio del Valle,<https://wikidata.org/entity/Q28024324>
http://www.group10.org/pl/resource/Street/S1731,"Calle del Maestro Ángel Llorca, Madrid",<https://wikidata.org/entity/Q28361969>
http://www.group10.org/pl/resource/Street/S1735,"Calle de Melquíades Álvarez, Madrid",<https://wikidata.org/entity/Q29647684>
http://www.group10.org/pl/resource/Street/S1740,calle de Ramiro II,<https://wikidata.org/entity/Q28041805>
http://www.group10.org/pl/resource/Street/S1741,Avenida de la Reina Victoria,<https://wikidata.org/entity/Q5714243>
http://www.group10.org/pl/resource/Street/S1742,"Paseo de San Francisco de Sales, Madrid",<https://wikidata.org/entity/Q27267304>
http://www.group10.org/pl/resource/Street/S1743,"Calle de Santander, Madrid",<https://wikidata.org/entity/Q29648920>
http://www.group10.org/pl/resource/Street/S1744,"Calle de la Sierra de Estrella, Madrid",<https://wikidata.org/entity/Q29534986>
http://www.group10.org/pl/resource/Street/S1745,calle de Sotomayor,<https://wikidata.org/entity/Q27243067>
http://www.group10.org/pl/resource/Street/S1765,Calle de Ginzo de Limia,<https://wikidata.org/entity/Q105624986>
http://www.group10.org/pl/resource/Street/S1769,"Avenida de Monforte de Lemos, Madrid",<https://wikidata.org/entity/Q52683954>
http://www.group10.org/pl/resource/Street/S1792,Avenida del Cardenal Herrera Oria,<https://wikidata.org/entity/Q27556319>
http://www.group10.org/pl/resource/Street/S1797,"Calle de Pedro Rico, Madrid",<https://wikidata.org/entity/Q56427389>
http://www.group10.org/pl/resource/Street/S1809,Paseo de Camoens,<https://wikidata.org/entity/Q42251452>
http://www.group10.org/pl/resource/Street/S1817,"Paseo de la Florida, Madrid",<https://wikidata.org/entity/Q5576961>
http://www.group10.org/pl/resource/Street/S1826,paseo de Moret,<https://wikidata.org/entity/Q26821443>
http://www.group10.org/pl/resource/Street/S1829,Paseo del Pintor Rosales,<https://wikidata.org/entity/Q6065691>
http://www.group10.org/pl/resource/Street/S1834,paseo de Ruperto Chapí,<https://wikidata.org/entity/Q42250337>
http://www.group10.org/pl/resource/Street/S1845,"Avenida de Valladolid, Madrid",<https://wikidata.org/entity/Q29903461>
http://www.group10.org/pl/resource/Street/S1846,"Calle de Altamirano, Madrid",<https://wikidata.org/entity/Q28015954>
http://www.group10.org/pl/resource/Street/S1848,"Calle de Benito Gutiérrez, Madrid",<https://wikidata.org/entity/Q28016182>
http://www.group10.org/pl/resource/Street/S1849,"Calle del Buen Suceso, Madrid",<https://wikidata.org/entity/Q28016010>
http://www.group10.org/pl/resource/Street/S1850,"Calle de Cadarso, Madrid",<https://wikidata.org/entity/Q29920817>
http://www.group10.org/pl/resource/Street/S1851,"Calle de Écija, Madrid",<https://wikidata.org/entity/Q42534766>
http://www.group10.org/pl/resource/Street/S1854,"Calle de Evaristo San Miguel, Madrid",<https://wikidata.org/entity/Q28016717>
http://www.group10.org/pl/resource/Street/S1855,calle de Ferraz,<https://wikidata.org/entity/Q5740837>
http://www.group10.org/pl/resource/Street/S1856,"Calle de Francisco Lozano, Madrid",<https://wikidata.org/entity/Q42534743>
http://www.group10.org/pl/resource/Street/S1858,"Calle de Irún, Madrid",<https://wikidata.org/entity/Q29920881>
http://www.group10.org/pl/resource/Street/S1859,calle de Juan Álvarez Mendizábal,<https://wikidata.org/entity/Q27245500>
http://www.group10.org/pl/resource/Street/S1861,"Calle de Luisa Fernanda, Madrid",<https://wikidata.org/entity/Q28016755>
http://www.group10.org/pl/resource/Street/S1863,calle del Marqués de Urquijo,<https://wikidata.org/entity/Q17421317>
http://www.group10.org/pl/resource/Street/S1864,calle de Martín de los Heros,<https://wikidata.org/entity/Q26821321>
http://www.group10.org/pl/resource/Street/S1865,Princesa,<https://wikidata.org/entity/Q5740935>
http://www.group10.org/pl/resource/Street/S1866,calle de Quintana,<https://wikidata.org/entity/Q28016208>
http://www.group10.org/pl/resource/Street/S1867,calle del Rey Francisco,<https://wikidata.org/entity/Q28016694>
http://www.group10.org/pl/resource/Street/S1868,"Calle de Romero Robledo, Madrid",<https://wikidata.org/entity/Q27245488>
http://www.group10.org/pl/resource/Street/S1869,"Calle del Tutor, Madrid",<https://wikidata.org/entity/Q27245477>
http://www.group10.org/pl/resource/Street/S1870,calle de Ventura Rodríguez,<https://wikidata.org/entity/Q28016771>
http://www.group10.org/pl/resource/Street/S1872,"Travesía de Almansa, Madrid",<https://wikidata.org/entity/Q56121588>
http://www.group10.org/pl/resource/Street/S1873,"Calle de Aravaca, Madrid",<https://wikidata.org/entity/Q56121648>
http://www.group10.org/pl/resource/Street/S1874,"Calle del Arquitecto Sánchez Arcas, Madrid",<https://wikidata.org/entity/Q29045308>
http://www.group10.org/pl/resource/Street/S1875,"Calle de Beatriz de Bobadilla, Madrid",<https://wikidata.org/entity/Q62935606>
http://www.group10.org/pl/resource/Street/S1879,Calle de la Explanada,<https://wikidata.org/entity/Q104878437>
http://www.group10.org/pl/resource/Street/S1882,Calle de Juan Montalvo,<https://wikidata.org/entity/Q104804331>
http://www.group10.org/pl/resource/Street/S1884,"Calle de Sebastián Elcano, Madrid",<https://wikidata.org/entity/Q68990288>
http://www.group10.org/pl/resource/Street/S1892,Calle de los Vascos,<https://wikidata.org/entity/Q104778729>
http://www.group10.org/pl/resource/Street/S1902,"Avenida del Santo Ángel de la Guarda, Madrid",<https://wikidata.org/entity/Q56086839>
http://www.group10.org/pl/resource/Street/S1904,Paseo de la Ermita del Santo,<https://wikidata.org/entity/Q28137105>
http://www.group10.org/pl/resource/Street/S1912,calle de Álvarez de Baena,<https://wikidata.org/entity/Q30043899>
http://www.group10.org/pl/resource/Street/S1929,Avenida de Portugal,<https://wikidata.org/entity/Q26736141>
http://www.group10.org/pl/resource/Street/S1953,"Avenida de Daroca, Madrid",<https://wikidata.org/entity/Q62107216>
http://www.group10.org/pl/resource/Street/S1969,"Avenida del Marqués de Corbera, Madrid",<https://wikidata.org/entity/Q29168364>
http://www.group10.org/pl/resource/Street/S1991,calle de Sor María de Ágreda,<https://wikidata.org/entity/Q29917525>
http://www.group10.org/pl/resource/Street/S2007,Carrer de Sant Vicent Màrtir,<https://wikidata.org/entity/Q11912576>
